epoch,loss,output_0_accuracy,output_0_loss,output_10_accuracy,output_10_loss,output_11_accuracy,output_11_loss,output_12_accuracy,output_12_loss,output_13_accuracy,output_13_loss,output_14_accuracy,output_14_loss,output_15_accuracy,output_15_loss,output_16_accuracy,output_16_loss,output_17_accuracy,output_17_loss,output_18_accuracy,output_18_loss,output_19_accuracy,output_19_loss,output_1_accuracy,output_1_loss,output_20_accuracy,output_20_loss,output_21_accuracy,output_21_loss,output_22_accuracy,output_22_loss,output_23_accuracy,output_23_loss,output_24_accuracy,output_24_loss,output_2_accuracy,output_2_loss,output_3_accuracy,output_3_loss,output_4_accuracy,output_4_loss,output_5_accuracy,output_5_loss,output_6_accuracy,output_6_loss,output_7_accuracy,output_7_loss,output_8_accuracy,output_8_loss,output_9_accuracy,output_9_loss,val_loss,val_output_0_accuracy,val_output_0_loss,val_output_10_accuracy,val_output_10_loss,val_output_11_accuracy,val_output_11_loss,val_output_12_accuracy,val_output_12_loss,val_output_13_accuracy,val_output_13_loss,val_output_14_accuracy,val_output_14_loss,val_output_15_accuracy,val_output_15_loss,val_output_16_accuracy,val_output_16_loss,val_output_17_accuracy,val_output_17_loss,val_output_18_accuracy,val_output_18_loss,val_output_19_accuracy,val_output_19_loss,val_output_1_accuracy,val_output_1_loss,val_output_20_accuracy,val_output_20_loss,val_output_21_accuracy,val_output_21_loss,val_output_22_accuracy,val_output_22_loss,val_output_23_accuracy,val_output_23_loss,val_output_24_accuracy,val_output_24_loss,val_output_2_accuracy,val_output_2_loss,val_output_3_accuracy,val_output_3_loss,val_output_4_accuracy,val_output_4_loss,val_output_5_accuracy,val_output_5_loss,val_output_6_accuracy,val_output_6_loss,val_output_7_accuracy,val_output_7_loss,val_output_8_accuracy,val_output_8_loss,val_output_9_accuracy,val_output_9_loss
0,24.53063201904297,0.9248544573783875,0.4216146767139435,0.928974449634552,0.4575470983982086,0.8863412737846375,0.494439035654068,0.7276309728622437,0.9127405881881714,0.5244066119194031,1.3004064559936523,0.596686065196991,1.4226698875427246,0.9142857193946838,0.4021330177783966,0.7646215558052063,0.9825356006622314,0.5872817039489746,1.5341379642486572,0.426780104637146,1.5424600839614868,0.6400358080863953,1.1990242004394531,0.8708463907241821,0.6255815625190735,0.8898342847824097,0.7955823540687561,0.7699955105781555,0.9732331037521362,0.569547712802887,1.3437265157699585,0.4000895619392395,1.7031724452972412,0.6377967000007629,1.3844135999679565,0.7740259766578674,1.0176013708114624,0.697805643081665,1.0303388833999634,0.9541423916816711,0.34646815061569214,0.9374831914901733,0.3040867745876312,0.871204674243927,0.6097287535667419,0.7081952691078186,0.8914080858230591,0.5567398071289062,1.2803690433502197,0.583878219127655,1.5236061811447144,13.812407493591309,0.9469913840293884,0.20963653922080994,0.9480658769607544,0.20385989546775818,0.8979226350784302,0.311869353055954,0.7482091784477234,0.5495014786720276,0.5698423981666565,0.8061368465423584,0.6511461138725281,0.8256673216819763,0.9455587267875671,0.19521784782409668,0.7947707772254944,0.5142275094985962,0.6665472984313965,0.748282253742218,0.4953438341617584,0.988957941532135,0.7041547298431396,0.7289769649505615,0.8800143003463745,0.36947813630104065,0.9255014061927795,0.24102459847927094,0.8026504516601562,0.5167880654335022,0.6507879495620728,0.7681459784507751,0.486389696598053,0.9911712408065796,0.7270773649215698,0.7143844366073608,0.8065902590751648,0.5333289504051208,0.731733500957489,0.6873511672019958,0.9724212288856506,0.15692542493343353,0.9566618800163269,0.14632485806941986,0.8864613175392151,0.33059942722320557,0.7156160473823547,0.6209022998809814,0.5895415544509888,0.8255144357681274,0.6389684677124023,0.8416988849639893
1,14.030330657958984,0.9418719410896301,0.2432635873556137,0.9530676007270813,0.19956211745738983,0.9032691717147827,0.3031834065914154,0.7613972425460815,0.5506691336631775,0.5874608159065247,0.8056600689888,0.6455888748168945,0.8313978910446167,0.9307658076286316,0.24924024939537048,0.8009852170944214,0.5092219114303589,0.6681594252586365,0.7445608377456665,0.5054187178611755,0.9908409714698792,0.6822212338447571,0.7571537494659424,0.8920734524726868,0.3469167947769165,0.9220778942108154,0.26509347558021545,0.811553955078125,0.5002971291542053,0.6485445499420166,0.7720470428466797,0.47792208194732666,1.0226013660430908,0.6969995498657227,0.7758986949920654,0.81227046251297,0.5286442637443542,0.7278996706008911,0.704500138759613,0.9694581031799316,0.18784521520137787,0.9528884887695312,0.17314210534095764,0.8934169411659241,0.3176724314689636,0.7395431995391846,0.593837559223175,0.6094043850898743,0.8166803121566772,0.6400358080863953,0.844446063041687,13.45516300201416,0.9469913840293884,0.2101808488368988,0.9480658769607544,0.196483314037323,0.8979226350784302,0.3002081513404846,0.7589541673660278,0.5404882431030273,0.6235673427581787,0.7709988951683044,0.6525787711143494,0.8139722943305969,0.9455587267875671,0.1908295750617981,0.796561598777771,0.5024299621582031,0.6948423981666565,0.7116963863372803,0.560171902179718,0.9328359961509705,0.703438401222229,0.7218131422996521,0.8800143003463745,0.35329538583755493,0.9255014061927795,0.2530125379562378,0.8026504516601562,0.5007617473602295,0.6669054627418518,0.7413831353187561,0.551217794418335,0.944784939289093,0.7270773649215698,0.7110238671302795,0.8069484233856201,0.5135639309883118,0.7324498295783997,0.6663417816162109,0.9724212288856506,0.1649034172296524,0.9566618800163269,0.15452924370765686,0.8864613175392151,0.3245058059692383,0.7148997187614441,0.6007683277130127,0.6135386824607849,0.8066049218177795,0.6353868246078491,0.841658353805542
2,13.423088073730469,0.9418719410896301,0.2301948517560959,0.9528884887695312,0.19037610292434692,0.9031795859336853,0.29158875346183777,0.7678459286689758,0.5182750225067139,0.6274070739746094,0.7657369375228882,0.6511419415473938,0.810322105884552,0.9308553338050842,0.23619574308395386,0.8020600080490112,0.48964765667915344,0.6900134086608887,0.6999142169952393,0.5424093008041382,0.9468783140182495,0.6877743005752563,0.7418647408485413,0.8920734524726868,0.3291757106781006,0.9221674799919128,0.24632833898067474,0.8119122385978699,0.4745555818080902,0.6602776646614075,0.7253671884536743,0.5039856433868408,0.9749756455421448,0.7060456871986389,0.7427172064781189,0.8171070218086243,0.4977702498435974,0.7288849353790283,0.6752685308456421,0.969368577003479,0.18169941008090973,0.9527093768119812,0.1589939445257187,0.8934169411659241,0.3032585382461548,0.7406179904937744,0.5739355683326721,0.6263322830200195,0.7916587591171265,0.6459471583366394,0.8220316171646118,13.108194351196289,0.9469913840293884,0.1991560012102127,0.9480658769607544,0.19012947380542755,0.8979226350784302,0.3014218509197235,0.7542979717254639,0.5380124449729919,0.6475644707679749,0.7476986050605774,0.6518624424934387,0.7945918440818787,0.9455587267875671,0.18540889024734497,0.7947707772254944,0.4859254062175751,0.7059455513954163,0.6825913786888123,0.5727077126502991,0.9011200070381165,0.7012894153594971,0.7100517749786377,0.8800143003463745,0.34627264738082886,0.9255014061927795,0.23298649489879608,0.8030086159706116,0.48346319794654846,0.6729942560195923,0.70950847864151,0.5598137378692627,0.9208833575248718,0.7270773649215698,0.6962355375289917,0.8080229163169861,0.507282018661499,0.7381805181503296,0.6552725434303284,0.9724212288856506,0.16001005470752716,0.9566618800163269,0.14960922300815582,0.8864613175392151,0.31253182888031006,0.7202721834182739,0.5932216048240662,0.6174784898757935,0.7934545874595642,0.6343123316764832,0.8249693512916565
3,13.035440444946289,0.9420510530471802,0.21819564700126648,0.9530676007270813,0.1792607456445694,0.9031795859336853,0.2743470370769501,0.7755485773086548,0.5048099756240845,0.6368114352226257,0.7494415044784546,0.6536498069763184,0.7951881885528564,0.9308553338050842,0.2164844125509262,0.802955687046051,0.47128039598464966,0.7068517804145813,0.676936149597168,0.5566502213478088,0.9195507168769836,0.6877743005752563,0.7307506203651428,0.8924317359924316,0.31173402070999146,0.9227944612503052,0.2331329584121704,0.8128078579902649,0.45480188727378845,0.6681594252586365,0.7144082188606262,0.5246753096580505,0.9439814686775208,0.7092700600624084,0.7332375645637512,0.8184505105018616,0.4803782105445862,0.736318826675415,0.6568588018417358,0.969547688961029,0.17659981548786163,0.9527093768119812,0.15271177887916565,0.8938647508621216,0.2897550165653229,0.7424988746643066,0.5660749673843384,0.634303629398346,0.7749784588813782,0.644961953163147,0.814292848110199,12.661335945129395,0.9469913840293884,0.18513280153274536,0.9480658769607544,0.1790689080953598,0.8979226350784302,0.2807019054889679,0.7668337821960449,0.5038743615150452,0.6475644707679749,0.7391791939735413,0.6525787711143494,0.7908861041069031,0.9455587267875671,0.16966277360916138,0.796561598777771,0.46232473850250244,0.7159742116928101,0.6572463512420654,0.5877507328987122,0.8772380948066711,0.7030802369117737,0.7020865082740784,0.8800143003463745,0.32468169927597046,0.9255014061927795,0.21097590029239655,0.8062320947647095,0.45467594265937805,0.6765759587287903,0.6790528893470764,0.5676934123039246,0.8997271060943604,0.7267192006111145,0.6878776550292969,0.8058739304542542,0.48095273971557617,0.7396131753921509,0.632747232913971,0.9724212288856506,0.1470295935869217,0.9566618800163269,0.137020081281662,0.8864613175392151,0.2934452295303345,0.7213466763496399,0.5792835354804993,0.6232091784477234,0.7852609157562256,0.6378939747810364,0.8118450045585632
4,12.682901382446289,0.9420510530471802,0.21295830607414246,0.9530676007270813,0.17032159864902496,0.9032691717147827,0.2665453553199768,0.7792207598686218,0.4861798584461212,0.6471115350723267,0.7261587381362915,0.656515896320343,0.7751481533050537,0.9308553338050842,0.21240271627902985,0.8062695860862732,0.45448753237724304,0.7121361494064331,0.6484958529472351,0.5734885931015015,0.8989013433456421,0.6909986734390259,0.7211949825286865,0.8924317359924316,0.30334171652793884,0.9224361777305603,0.22278021275997162,0.8168383240699768,0.43738681077957153,0.6808777451515198,0.6809963583946228,0.5497536659240723,0.9194232821464539,0.7106135487556458,0.7151627540588379,0.8206000924110413,0.4593120813369751,0.7356919050216675,0.6440386772155762,0.9696372747421265,0.16877985000610352,0.9527093768119812,0.1481514424085617,0.8935064673423767,0.2872561812400818,0.7417823672294617,0.5567091107368469,0.6433497667312622,0.7637875080108643,0.6483654379844666,0.8007069826126099,12.539422035217285,0.9469913840293884,0.1828271448612213,0.9480658769607544,0.1723582148551941,0.8979226350784302,0.2763414680957794,0.7650429606437683,0.4955398738384247,0.6626074314117432,0.727196455001831,0.652220606803894,0.7721593379974365,0.9455587267875671,0.16231557726860046,0.7951289415359497,0.4694424569606781,0.7052292227745056,0.6659663915634155,0.5916905403137207,0.8712961077690125,0.704512894153595,0.6930974125862122,0.8800143003463745,0.31851738691329956,0.9255014061927795,0.2025221884250641,0.8047994375228882,0.45778778195381165,0.6751432418823242,0.6622556447982788,0.5666189193725586,0.8945820331573486,0.7224212288856506,0.6815100312232971,0.8058739304542542,0.4805298149585724,0.7406876683235168,0.6224464178085327,0.9724212288856506,0.14285267889499664,0.9566618800163269,0.1300377994775772,0.8864613175392151,0.29035165905952454,0.7202721834182739,0.5828285813331604,0.612464189529419,0.7911331057548523,0.6404011249542236,0.8075811862945557
5,12.460405349731445,0.9421406388282776,0.20586438477039337,0.9530676007270813,0.16312098503112793,0.9033586978912354,0.26313328742980957,0.7786833643913269,0.485861599445343,0.648634135723114,0.7241247296333313,0.6606358885765076,0.7653128504753113,0.9307658076286316,0.20283640921115875,0.807344377040863,0.44659093022346497,0.7178683280944824,0.6350615620613098,0.5907747149467468,0.8786762952804565,0.690640389919281,0.7148861885070801,0.8924317359924316,0.2932680547237396,0.9233318567276001,0.21312600374221802,0.8228392004966736,0.4331616163253784,0.6884908080101013,0.668692946434021,0.565517246723175,0.9006807804107666,0.7118674516677856,0.7110792398452759,0.8210479021072388,0.44955724477767944,0.7387371063232422,0.6329135298728943,0.9696372747421265,0.15934698283672333,0.9527093768119812,0.14253005385398865,0.8942230343818665,0.28179433941841125,0.746081531047821,0.5502231121063232,0.6441558599472046,0.7475118637084961,0.6510524153709412,0.7898905873298645,12.266373634338379,0.9469913840293884,0.17937052249908447,0.9480658769607544,0.18000528216362,0.8979226350784302,0.2750423848628998,0.7704154849052429,0.49891042709350586,0.6643982529640198,0.7183780074119568,0.6536533236503601,0.7579151391983032,0.9455587267875671,0.15750643610954285,0.7990687489509583,0.447905570268631,0.7277936935424805,0.627106785774231,0.6232091784477234,0.8378555774688721,0.6994985938072205,0.7002055644989014,0.8800143003463745,0.32220861315727234,0.9255014061927795,0.20100589096546173,0.81267911195755,0.45429727435112,0.6901862621307373,0.6475635766983032,0.5870344042778015,0.8715398907661438,0.7263610363006592,0.6680192947387695,0.8119627237319946,0.4634478688240051,0.7474928498268127,0.6108962297439575,0.9724212288856506,0.13828153908252716,0.9566618800163269,0.1259259134531021,0.887535810470581,0.28298795223236084,0.7256447076797485,0.5620748996734619,0.6361031532287598,0.7530950307846069,0.6436246633529663,0.8011274337768555
6,12.176511764526367,0.9420510530471802,0.19467422366142273,0.9529780745506287,0.15802571177482605,0.9035378694534302,0.2548075020313263,0.7819077372550964,0.4763462543487549,0.6616211533546448,0.708030641078949,0.6631437540054321,0.7626930475234985,0.9312136173248291,0.18997471034526825,0.8119122385978699,0.43779489398002625,0.724764883518219,0.6168217658996582,0.6043887138366699,0.8587525486946106,0.6920734643936157,0.711009681224823,0.8924317359924316,0.28712931275367737,0.9240483641624451,0.20620481669902802,0.8257948756217957,0.41659045219421387,0.6888490915298462,0.6557608842849731,0.573936402797699,0.8780104517936707,0.7130317687988281,0.6959007978439331,0.823107898235321,0.43695858120918274,0.7456336617469788,0.616871178150177,0.9696372747421265,0.15452013909816742,0.9527093768119812,0.13618986308574677,0.8944021463394165,0.27165278792381287,0.7490371465682983,0.5374167561531067,0.6546350121498108,0.7315973043441772,0.6566950082778931,0.7803542017936707,12.20132064819336,0.9469913840293884,0.17303863167762756,0.9480658769607544,0.1725195348262787,0.8982807993888855,0.2713707685470581,0.7729226350784302,0.4848274290561676,0.6586676239967346,0.7149478793144226,0.6608166098594666,0.755432665348053,0.9459168910980225,0.1519264131784439,0.8033667802810669,0.46447789669036865,0.7177650332450867,0.6506473422050476,0.6017192006111145,0.8446378707885742,0.7070200443267822,0.6854147911071777,0.8800143003463745,0.3200472295284271,0.926217794418335,0.18591922521591187,0.8209168910980225,0.4311649203300476,0.6941260695457458,0.6391010284423828,0.5838108658790588,0.8662437796592712,0.7281518578529358,0.6727668642997742,0.8116045594215393,0.46933743357658386,0.7442693114280701,0.6062583327293396,0.9724212288856506,0.13981667160987854,0.9566618800163269,0.12205500155687332,0.8868194818496704,0.28981730341911316,0.7209885120391846,0.5654283165931702,0.6328796744346619,0.7488994002342224,0.6461318135261536,0.7929410338401794
7,11.91611385345459,0.9422301650047302,0.19646157324314117,0.9529780745506287,0.15127435326576233,0.9032691717147827,0.2544846534729004,0.7889834046363831,0.4651724100112915,0.6653829216957092,0.697111964225769,0.6659202575683594,0.7450042963027954,0.931034505367279,0.18897463381290436,0.8153157234191895,0.4259120523929596,0.7318405508995056,0.6002637147903442,0.6247200965881348,0.8296719789505005,0.6955664753913879,0.7024214267730713,0.8918943405151367,0.2793278396129608,0.9257501363754272,0.19835786521434784,0.8262427449226379,0.40646445751190186,0.6947604417800903,0.638457179069519,0.5896999835968018,0.8523772954940796,0.7131213545799255,0.6905121803283691,0.8269592523574829,0.4284555912017822,0.7495745420455933,0.5993887186050415,0.9696372747421265,0.15232230722904205,0.9527093768119812,0.1333632916212082,0.8945812582969666,0.2673014998435974,0.7484102249145508,0.5294743776321411,0.6711151003837585,0.7129064798355103,0.6591132879257202,0.7656078934669495,12.053242683410645,0.9469913840293884,0.17395073175430298,0.9480658769607544,0.16819795966148376,0.8989971280097961,0.261930912733078,0.763610303401947,0.5170002579689026,0.6497134566307068,0.7270330786705017,0.6586676239967346,0.7510859966278076,0.9459168910980225,0.1488025039434433,0.8047994375228882,0.450147420167923,0.7245702147483826,0.6349035501480103,0.6160458326339722,0.8180919289588928,0.7070200443267822,0.6830971240997314,0.8807306885719299,0.3104362189769745,0.9272922873497009,0.1788366585969925,0.8133954405784607,0.4325309693813324,0.7052292227745056,0.6293293237686157,0.6042263507843018,0.8473520278930664,0.7277936935424805,0.6639842391014099,0.8141117691993713,0.45435822010040283,0.7546561360359192,0.6012259125709534,0.9724212288856506,0.13338053226470947,0.9566618800163269,0.12269795686006546,0.8878939747810364,0.27797722816467285,0.7231375575065613,0.5605686902999878,0.6300143003463745,0.7497255802154541,0.6572349667549133,0.7751846313476562
8,11.651261329650879,0.9420510530471802,0.18435752391815186,0.9530676007270813,0.15135972201824188,0.9047021865844727,0.2458733469247818,0.791580855846405,0.45933371782302856,0.6670846343040466,0.6881961226463318,0.670667290687561,0.7341151833534241,0.9323779940605164,0.17584094405174255,0.815226137638092,0.4148676097393036,0.7430362701416016,0.5840940475463867,0.6312583684921265,0.8111521601676941,0.69852215051651,0.6933325529098511,0.8922525644302368,0.27263766527175903,0.928257942199707,0.18555788695812225,0.8333184123039246,0.3961063027381897,0.7089117765426636,0.6230128407478333,0.6019704341888428,0.8387901782989502,0.712673544883728,0.6718130111694336,0.8265114426612854,0.4166673421859741,0.7583519816398621,0.584757387638092,0.9697268009185791,0.1428806334733963,0.9529780745506287,0.12958325445652008,0.8942230343818665,0.2621438503265381,0.7532467246055603,0.5218943357467651,0.6701298952102661,0.7054286599159241,0.6633228659629822,0.7554641366004944,11.578582763671875,0.9469913840293884,0.16318891942501068,0.9480658769607544,0.16261453926563263,0.8982807993888855,0.25479766726493835,0.7704154849052429,0.4775187373161316,0.671561598777771,0.6936690211296082,0.6676217913627625,0.7372061014175415,0.9455587267875671,0.13782893121242523,0.8202005624771118,0.42952901124954224,0.7396131753921509,0.5980498790740967,0.638610303401947,0.7823106646537781,0.7048710584640503,0.6759388446807861,0.8821633458137512,0.2945545017719269,0.9301576018333435,0.17212091386318207,0.823782205581665,0.41100263595581055,0.7145415544509888,0.6122756600379944,0.6278653144836426,0.8217262029647827,0.730659008026123,0.648315966129303,0.813753604888916,0.4362184703350067,0.7668337821960449,0.5774950385093689,0.9724212288856506,0.128538116812706,0.9566618800163269,0.12188322097063065,0.8889684677124023,0.2605222463607788,0.7431948184967041,0.5316364765167236,0.6755014061927795,0.7064109444618225,0.6651146411895752,0.7585813999176025
9,11.438077926635742,0.9421406388282776,0.18345125019550323,0.9533362984657288,0.14285072684288025,0.9049708843231201,0.24400079250335693,0.795790433883667,0.45156651735305786,0.672816812992096,0.6815799474716187,0.6796238422393799,0.7179183959960938,0.9338110089302063,0.1715163141489029,0.8202418088912964,0.41222646832466125,0.7459023594856262,0.5692224502563477,0.6483654379844666,0.7860695719718933,0.6969995498657227,0.689706027507782,0.8925212621688843,0.2674262225627899,0.9319301247596741,0.18172217905521393,0.832870602607727,0.3850839138031006,0.7114196419715881,0.6102733612060547,0.614509642124176,0.8249965310096741,0.7159874439239502,0.6701251864433289,0.8269592523574829,0.4089060425758362,0.7642633318901062,0.5713265538215637,0.9696372747421265,0.14036881923675537,0.9531571865081787,0.12893150746822357,0.897626519203186,0.257229208946228,0.762561559677124,0.5057095885276794,0.6753246784210205,0.6953479647636414,0.6697716116905212,0.7443163990974426,11.619147300720215,0.9469913840293884,0.1786668747663498,0.9484240412712097,0.1634373664855957,0.8986389636993408,0.25358444452285767,0.7929799556732178,0.4738735854625702,0.6787249445915222,0.6904507279396057,0.6769341230392456,0.7221200466156006,0.9473495483398438,0.15176619589328766,0.8191260695457458,0.42556092143058777,0.7482091784477234,0.5888343453407288,0.6618911027908325,0.7832303643226624,0.7063037157058716,0.6805805563926697,0.8814470171928406,0.28888747096061707,0.9348137378692627,0.18191146850585938,0.8262894153594971,0.41311541199684143,0.719197690486908,0.617311418056488,0.6181948184967041,0.8294433951377869,0.735315203666687,0.6499617695808411,0.8248567581176758,0.42578020691871643,0.7679083347320557,0.5888011455535889,0.9724212288856506,0.12959961593151093,0.9566618800163269,0.1315915733575821,0.8939828276634216,0.27387693524360657,0.7589541673660278,0.5286083817481995,0.6722779273986816,0.7158364057540894,0.6740687489509583,0.7498177886009216
10,11.221851348876953,0.9425884485244751,0.17844271659851074,0.9530676007270813,0.14303752779960632,0.9058665633201599,0.23869946599006653,0.7987461090087891,0.4404369592666626,0.6779220700263977,0.6734693646430969,0.6784594655036926,0.7154147624969482,0.9333631992340088,0.16846787929534912,0.8195253014564514,0.40386465191841125,0.7578145861625671,0.5527649521827698,0.653560221195221,0.7736985683441162,0.7023735046386719,0.6813137531280518,0.8927899599075317,0.2622638940811157,0.9300492405891418,0.17644904553890228,0.8392297625541687,0.378151535987854,0.7215405106544495,0.595592200756073,0.6282131671905518,0.8062902688980103,0.7194805145263672,0.6619347929954529,0.8369010090827942,0.38802480697631836,0.7703537940979004,0.5653676390647888,0.9699954986572266,0.13337953388690948,0.9532467722892761,0.12487001717090607,0.8978056311607361,0.25089776515960693,0.7645320296287537,0.5006479024887085,0.6830273270606995,0.6785663366317749,0.6705777049064636,0.7253232002258301,11.127067565917969,0.9473495483398438,0.15251146256923676,0.9484240412712097,0.15906734764575958,0.8989971280097961,0.2476908266544342,0.7958452701568604,0.4524209797382355,0.686246395111084,0.661214292049408,0.6769341230392456,0.7159631252288818,0.9477077126502991,0.13393329083919525,0.8155444264411926,0.4148723781108856,0.7611031532287598,0.5573837161064148,0.6712034344673157,0.7310429215431213,0.7016475796699524,0.6729078888893127,0.8832378387451172,0.2853849232196808,0.9333810806274414,0.16516031324863434,0.829512894153595,0.38756611943244934,0.7245702147483826,0.5902565121650696,0.6404011249542236,0.7763717770576477,0.7385386824607849,0.6309988498687744,0.8262894153594971,0.4172910749912262,0.7757879495620728,0.5480538010597229,0.9724212288856506,0.12324970215559006,0.9570200443267822,0.118698351085186,0.8936246633529663,0.25648772716522217,0.7464183568954468,0.5249915719032288,0.6844555735588074,0.6789125204086304,0.6686962842941284,0.7419650554656982
11,10.96300220489502,0.94312584400177,0.1714828759431839,0.9538736939430237,0.14163607358932495,0.9069413542747498,0.23484836518764496,0.8042095899581909,0.4322108328342438,0.6838334202766418,0.6587543487548828,0.6815047264099121,0.7004782557487488,0.9351544976234436,0.16237160563468933,0.8224809765815735,0.3957333266735077,0.7669503092765808,0.5359098315238953,0.6621585488319397,0.7520813941955566,0.6979847550392151,0.6759564876556396,0.8963726162910461,0.25703850388526917,0.9321092963218689,0.1703345775604248,0.8403940796852112,0.3710802495479584,0.7290640473365784,0.5781439542770386,0.625884473323822,0.787809431552887,0.721092700958252,0.650314211845398,0.8412001729011536,0.377734512090683,0.77393639087677,0.5530915856361389,0.9697268009185791,0.12896306812763214,0.9529780745506287,0.12316854298114777,0.8978056311607361,0.24351471662521362,0.7740259766578674,0.48833954334259033,0.6927003860473633,0.6632595658302307,0.6813255548477173,0.706678569316864,10.965279579162598,0.9469913840293884,0.15233798325061798,0.9491404294967651,0.1561884731054306,0.8997134566307068,0.2440347671508789,0.7833094596862793,0.4550832509994507,0.6923352479934692,0.657175600528717,0.6844555735588074,0.6982475519180298,0.9491404294967651,0.13052015006542206,0.8277220726013184,0.409316748380661,0.7714899778366089,0.5548768639564514,0.6916189193725586,0.7244486808776855,0.7059455513954163,0.661347508430481,0.8864613175392151,0.27091968059539795,0.9330229163169861,0.16100741922855377,0.8280802369117737,0.38585808873176575,0.7399713397026062,0.5803714394569397,0.6554441452026367,0.7766293883323669,0.7403295040130615,0.6306479573249817,0.8320200443267822,0.40533578395843506,0.7811604738235474,0.5564603209495544,0.9724212288856506,0.11656676977872849,0.9573782086372375,0.11146160960197449,0.8982807993888855,0.2499951273202896,0.7696991562843323,0.5033735632896423,0.6955587267875671,0.673911988735199,0.6783667802810669,0.7186518907546997
12,10.761570930480957,0.9443797469139099,0.16781537234783173,0.9538736939430237,0.1361878663301468,0.9058665633201599,0.23213699460029602,0.8074339628219604,0.42843127250671387,0.6935960650444031,0.6446568369865417,0.6909986734390259,0.686033308506012,0.9356023073196411,0.1603073626756668,0.8245409727096558,0.3923795819282532,0.7747424840927124,0.5255661606788635,0.6701298952102661,0.736253559589386,0.702194333076477,0.6668322086334229,0.8972682356834412,0.2490498572587967,0.9337214231491089,0.16843295097351074,0.844782829284668,0.3623954951763153,0.7286162376403809,0.5762965679168701,0.6471115350723267,0.7708163857460022,0.7321092486381531,0.6387172341346741,0.8418271541595459,0.37912315130233765,0.7754590511322021,0.5409123301506042,0.9699059724807739,0.12712432444095612,0.9549484848976135,0.11905719339847565,0.9006717205047607,0.23763392865657806,0.7762650847434998,0.4789524972438812,0.7001343369483948,0.6482994556427002,0.6914464831352234,0.6946250200271606,10.591083526611328,0.9498567581176758,0.1507337987422943,0.948782205581665,0.15280503034591675,0.902220606803894,0.23819175362586975,0.7979942560195923,0.4373580813407898,0.7095271944999695,0.6263297200202942,0.685171902179718,0.6839129328727722,0.9516475796699524,0.127217635512352,0.8212750554084778,0.40490904450416565,0.7722063064575195,0.5417166352272034,0.704512894153595,0.6866182684898376,0.7077363729476929,0.6404178142547607,0.8882521390914917,0.27516114711761475,0.93732088804245,0.1593041718006134,0.8316618800163269,0.37427183985710144,0.7507163286209106,0.5580571293830872,0.671561598777771,0.7296726107597351,0.7421203255653381,0.6153057217597961,0.8356017470359802,0.38465359807014465,0.7901146411895752,0.5232354998588562,0.9724212288856506,0.11319494247436523,0.9573782086372375,0.11417136341333389,0.8982807993888855,0.246817484498024,0.767192006111145,0.4931451082229614,0.7073782086372375,0.6407873630523682,0.6941260695457458,0.6911683082580566
13,10.522589683532715,0.9452754259109497,0.15871216356754303,0.9546797871589661,0.13166137039661407,0.9074787497520447,0.22562244534492493,0.8193461894989014,0.41309064626693726,0.7017465233802795,0.6369436383247375,0.6955664753913879,0.6764926910400391,0.9378414750099182,0.150981605052948,0.829914927482605,0.384647399187088,0.7750111818313599,0.514284610748291,0.6773846745491028,0.7235381603240967,0.7124048471450806,0.6566301584243774,0.898522138595581,0.2428973764181137,0.9356918931007385,0.16147266328334808,0.846394956111908,0.3531971573829651,0.7442901730537415,0.5575572848320007,0.652127206325531,0.7572914958000183,0.7281683683395386,0.6344410181045532,0.8448723554611206,0.36285778880119324,0.7792207598686218,0.5359621047973633,0.9699954986572266,0.1253553181886673,0.9548589587211609,0.11363330483436584,0.9040752053260803,0.22469738125801086,0.7836990356445312,0.4697856903076172,0.709717869758606,0.6343920230865479,0.689923882484436,0.6765958666801453,10.424659729003906,0.9520057439804077,0.14421714842319489,0.948782205581665,0.15674565732479095,0.9029369354248047,0.23429511487483978,0.7962034344673157,0.4438325762748718,0.7080945372581482,0.6241582036018372,0.6962750554084778,0.6624819040298462,0.9527220726013184,0.12349756062030792,0.8266475796699524,0.40451499819755554,0.7847421169281006,0.5218861699104309,0.7088108658790588,0.6826708316802979,0.7059455513954163,0.636503279209137,0.8914756178855896,0.26692062616348267,0.9348137378692627,0.15497611463069916,0.8416905403137207,0.3638995289802551,0.7679083347320557,0.5424740314483643,0.6679799556732178,0.7185748219490051,0.7449856996536255,0.6020004749298096,0.8449140191078186,0.3802455961704254,0.7886819243431091,0.5144112706184387,0.972779393196106,0.10904431343078613,0.9606017470359802,0.10729169845581055,0.9004297852516174,0.23617762327194214,0.7582378387451172,0.49476563930511475,0.6998567581176758,0.6414080858230591,0.7102435827255249,0.6739084124565125
14,10.311049461364746,0.9461710453033447,0.15561945736408234,0.9547693729400635,0.12829653918743134,0.9129422307014465,0.22395314276218414,0.8149574398994446,0.41496095061302185,0.7059561014175415,0.6222548484802246,0.7026422023773193,0.6622509956359863,0.9398118853569031,0.14806875586509705,0.8295566439628601,0.37785831093788147,0.7803851366043091,0.5034749507904053,0.6901925802230835,0.6987118721008301,0.7117778658866882,0.6458693146705627,0.8986117243766785,0.23854009807109833,0.9362292885780334,0.16064856946468353,0.8538289070129395,0.3445427715778351,0.7518137097358704,0.544418454170227,0.6492610573768616,0.7434378266334534,0.73685622215271,0.6242271661758423,0.8512315154075623,0.3513011038303375,0.7863860130310059,0.5202056169509888,0.9705328941345215,0.1196698397397995,0.9562919735908508,0.11198599636554718,0.9063143730163574,0.2221706211566925,0.7872816920280457,0.45945438742637634,0.7090908885002136,0.6233698129653931,0.7039856910705566,0.6630337834358215,10.245538711547852,0.9516475796699524,0.14277960360050201,0.9505730867385864,0.1490836888551712,0.905802309513092,0.2315489798784256,0.813753604888916,0.4188866913318634,0.7202721834182739,0.6039330363273621,0.7041547298431396,0.6549597382545471,0.9512894153594971,0.12574753165245056,0.8298710584640503,0.39562323689460754,0.7840257883071899,0.5188992023468018,0.6966332197189331,0.6872567534446716,0.717048704624176,0.6200451254844666,0.893266499042511,0.26284146308898926,0.9394699335098267,0.15848122537136078,0.8409742116928101,0.36394163966178894,0.7618194818496704,0.5315186977386475,0.6783667802810669,0.7173268795013428,0.7550143003463745,0.5855362415313721,0.847779393196106,0.36835968494415283,0.7872492671012878,0.5067557692527771,0.9724212288856506,0.10343188792467117,0.9595271944999695,0.11013784259557724,0.9047278165817261,0.24179770052433014,0.7743552923202515,0.47628718614578247,0.7274355292320251,0.6126241087913513,0.7123925685882568,0.6732087135314941
15,10.057456016540527,0.9476041197776794,0.1501956284046173,0.9550380706787109,0.1252475529909134,0.9099865555763245,0.22017261385917664,0.8199731111526489,0.4013698399066925,0.7081952691078186,0.6184847354888916,0.7084639668464661,0.6480890512466431,0.9407075643539429,0.14697787165641785,0.8312584161758423,0.374666303396225,0.7912225723266602,0.48097512125968933,0.7025526165962219,0.6825366616249084,0.7177788019180298,0.635159432888031,0.9022839069366455,0.23760250210762024,0.9389162659645081,0.1562846601009369,0.8524854183197021,0.3345103859901428,0.7614867687225342,0.5246975421905518,0.663681149482727,0.7275546789169312,0.7445588707923889,0.6009882092475891,0.8539184927940369,0.3433409631252289,0.7905955910682678,0.5031320452690125,0.9701746702194214,0.11502159386873245,0.9564710855484009,0.10967127978801727,0.9057769775390625,0.22144021093845367,0.7962382435798645,0.44391384720802307,0.7193909287452698,0.608731210231781,0.7134796380996704,0.6459909677505493,9.966200828552246,0.9548710584640503,0.14256173372268677,0.952363908290863,0.1491040289402008,0.9086676239967346,0.2223164141178131,0.8169770836830139,0.4113183319568634,0.7256447076797485,0.5954346656799316,0.7037965655326843,0.6471003293991089,0.954512894153595,0.11725930869579315,0.8320200443267822,0.3927115201950073,0.8005014061927795,0.4888165295124054,0.7156160473823547,0.6559157967567444,0.7310171723365784,0.6119397282600403,0.8972063064575195,0.2617732882499695,0.93732088804245,0.15150399506092072,0.8510028719902039,0.345476359128952,0.7725644707679749,0.5173006653785706,0.690902590751648,0.6905336380004883,0.7589541673660278,0.5738065242767334,0.8631805181503296,0.35879892110824585,0.7962034344673157,0.4968886077404022,0.9731375575065613,0.10276934504508972,0.9584527015686035,0.10421722382307053,0.9029369354248047,0.23136743903160095,0.7833094596862793,0.4608928859233856,0.7242120504379272,0.6026473641395569,0.7109599113464355,0.6503307819366455
16,9.777104377746582,0.9502015113830566,0.14807045459747314,0.9569189548492432,0.1223394125699997,0.9145544171333313,0.21117687225341797,0.8305418491363525,0.38704565167427063,0.7171518206596375,0.6028829216957092,0.7133004665374756,0.6349813938140869,0.9399910569190979,0.1421276479959488,0.8367218971252441,0.3642164468765259,0.7926556468009949,0.4728645980358124,0.7102552652359009,0.6627058386802673,0.7201074957847595,0.6247135996818542,0.9042543768882751,0.23101872205734253,0.9372144937515259,0.15276922285556793,0.8609046339988708,0.32053157687187195,0.766054630279541,0.5178366303443909,0.682042121887207,0.6945796608924866,0.7494850158691406,0.5893869400024414,0.8599193692207336,0.3336917757987976,0.8013435006141663,0.48568403720855713,0.9704433679580688,0.11208110302686691,0.9569189548492432,0.10514911264181137,0.9098074436187744,0.2093173712491989,0.7991043329238892,0.43625423312187195,0.7263770699501038,0.5903372168540955,0.7244961857795715,0.6270007491111755,9.75655460357666,0.9570200443267822,0.13085909187793732,0.9512894153594971,0.1505594700574875,0.9108166098594666,0.22105078399181366,0.8244985938072205,0.40234848856925964,0.7460601925849915,0.5727031230926514,0.7292263507843018,0.6188262104988098,0.9552292227745056,0.11744150519371033,0.8413323760032654,0.3833857476711273,0.8073065876960754,0.47895869612693787,0.7417621612548828,0.6219629049301147,0.7209885120391846,0.6136105060577393,0.8964899778366089,0.2575983703136444,0.9419770836830139,0.1510642021894455,0.8527936935424805,0.34763580560684204,0.7858166098594666,0.5070565342903137,0.6912607550621033,0.693511962890625,0.7585960030555725,0.5686264634132385,0.857807993888855,0.3581445515155792,0.801217794418335,0.48713529109954834,0.9731375575065613,0.09701783210039139,0.9595271944999695,0.09848029166460037,0.9090257883071899,0.23385420441627502,0.8026504516601562,0.45382776856422424,0.7471346855163574,0.5790444612503052,0.736389696598053,0.6302023530006409
17,9.437058448791504,0.9522615075111389,0.1376870721578598,0.9583519697189331,0.11404667794704437,0.9157187342643738,0.20342430472373962,0.8359158039093018,0.37264543771743774,0.7281683683395386,0.5799380540847778,0.7263770699501038,0.619223952293396,0.9449171423912048,0.13658443093299866,0.840752363204956,0.3562391996383667,0.8081504702568054,0.4502979516983032,0.7257500886917114,0.6293120980262756,0.7273622751235962,0.6098110675811768,0.9093596339225769,0.21851137280464172,0.9379310607910156,0.15155726671218872,0.8723689913749695,0.30791935324668884,0.7735781669616699,0.4948813319206238,0.6942230463027954,0.6759309768676758,0.7549484968185425,0.5770339965820312,0.8655620217323303,0.3164863586425781,0.8066278696060181,0.4765782952308655,0.9714285731315613,0.11047417670488358,0.9575458765029907,0.10253099352121353,0.9158979058265686,0.2039583921432495,0.8095835447311401,0.420203298330307,0.7386475801467896,0.5665082335472107,0.7340797185897827,0.606508731842041,9.510525703430176,0.9591690301895142,0.1261768341064453,0.952363908290863,0.14387375116348267,0.9111747741699219,0.21128922700881958,0.8370344042778015,0.3851012885570526,0.7446275353431702,0.5623080730438232,0.7202721834182739,0.6133452653884888,0.9602435827255249,0.11146906018257141,0.842048704624176,0.3817727267742157,0.8151862621307373,0.4648514986038208,0.7277936935424805,0.6259279847145081,0.7260028719902039,0.5979292988777161,0.9036533236503601,0.2502324879169464,0.9416189193725586,0.15062019228935242,0.8667621612548828,0.3283897638320923,0.7843839526176453,0.4957978427410126,0.7188395261764526,0.6664566993713379,0.7833094596862793,0.5504553318023682,0.8621060252189636,0.3504263162612915,0.8133954405784607,0.4673851728439331,0.9731375575065613,0.09209796786308289,0.9627507328987122,0.09801910072565079,0.9183381199836731,0.21563510596752167,0.8205587267875671,0.4285268485546112,0.7474928498268127,0.5777111649513245,0.7378223538398743,0.6317219734191895
18,9.201667785644531,0.9556650519371033,0.13241927325725555,0.9592476487159729,0.11428616940975189,0.9184952974319458,0.1990872621536255,0.8423645496368408,0.3591117262840271,0.7356023192405701,0.5685615539550781,0.7312136292457581,0.6076412200927734,0.9474250078201294,0.12910960614681244,0.844782829284668,0.3504306375980377,0.8140618205070496,0.4401141405105591,0.732646644115448,0.6232292652130127,0.7357814311981201,0.5859612822532654,0.9120465517044067,0.212784081697464,0.940170168876648,0.1459626406431198,0.8739811778068542,0.29783007502555847,0.7852216958999634,0.48269182443618774,0.7004926204681396,0.6626171469688416,0.7617554664611816,0.5624290108680725,0.8706672787666321,0.3128350079059601,0.8098522424697876,0.4661022126674652,0.9716972708702087,0.10241230577230453,0.9600537419319153,0.09919015318155289,0.9185848832130432,0.19583016633987427,0.8163905143737793,0.41210541129112244,0.7452754378318787,0.5594897270202637,0.7455441355705261,0.5866169929504395,9.038818359375,0.9584527015686035,0.1231686994433403,0.9559455513954163,0.12720543146133423,0.9136819243431091,0.19987860321998596,0.8341690301895142,0.37594127655029297,0.7564470171928406,0.5391175746917725,0.7453438639640808,0.5885535478591919,0.9584527015686035,0.10516072064638138,0.84670490026474,0.36170610785484314,0.8244985938072205,0.43652626872062683,0.751074492931366,0.5966138243675232,0.7417621612548828,0.5820719599723816,0.906876802444458,0.2309277206659317,0.9434097409248352,0.140164315700531,0.8674784898757935,0.31293174624443054,0.7972779273986816,0.4764716327190399,0.732807993888855,0.6217468976974487,0.7858166098594666,0.5353624224662781,0.873925507068634,0.3270324468612671,0.828438401222229,0.4378168284893036,0.9734957218170166,0.0932757556438446,0.967048704624176,0.09700429439544678,0.9172636270523071,0.21094603836536407,0.8205587267875671,0.4087368845939636,0.7578796744346619,0.5470191240310669,0.7600286602973938,0.5823438167572021
19,8.846538543701172,0.9559337496757507,0.12572713196277618,0.9613076448440552,0.10277922451496124,0.9187639951705933,0.19393464922904968,0.8476489186286926,0.3448832333087921,0.7459919452667236,0.5506313443183899,0.7386475801467896,0.5891993045806885,0.9505597949028015,0.12025798112154007,0.848455011844635,0.338779479265213,0.823645293712616,0.4191807210445404,0.7441110610961914,0.5950546264648438,0.7439319491386414,0.5714161992073059,0.916883111000061,0.20023435354232788,0.9434841275215149,0.14184610545635223,0.8780116438865662,0.28830626606941223,0.7918495535850525,0.46912339329719543,0.7175101041793823,0.63734370470047,0.7706224918365479,0.5387179851531982,0.8812360167503357,0.2923230230808258,0.8204209804534912,0.4454807937145233,0.9727720618247986,0.096788190305233,0.9596059322357178,0.09438300877809525,0.9232422709465027,0.18767811357975006,0.8164801001548767,0.4016801118850708,0.7597850561141968,0.5334059000015259,0.7525302171707153,0.5674677491188049,8.751750946044922,0.9602435827255249,0.12465549260377884,0.9541547298431396,0.13046863675117493,0.9276504516601562,0.196261927485466,0.8438395261764526,0.3501151204109192,0.769340991973877,0.5158643126487732,0.7553724646568298,0.5729746222496033,0.9580945372581482,0.10566515475511551,0.8424068689346313,0.35719043016433716,0.8255730867385864,0.43781358003616333,0.765759289264679,0.5661079287528992,0.75,0.545650064945221,0.9194126129150391,0.23246793448925018,0.9412607550621033,0.1409749537706375,0.8775071501731873,0.30429238080978394,0.8030086159706116,0.4634253680706024,0.7428366541862488,0.6032986044883728,0.7851002812385559,0.506060004234314,0.8742836713790894,0.3245098888874054,0.8377507328987122,0.4162321388721466,0.9749283790588379,0.08394838124513626,0.9695558547973633,0.0928659737110138,0.9229942560195923,0.203573077917099,0.8280802369117737,0.39894434809684753,0.7696991562843323,0.529688835144043,0.7675501704216003,0.5656168460845947
15,8.562588691711426,0.9553963541984558,0.12426435202360153,0.96309894323349,0.10037396848201752,0.920197069644928,0.18963058292865753,0.856157660484314,0.336885929107666,0.7591580748558044,0.5314928293228149,0.7536050081253052,0.5702982544898987,0.9518136978149414,0.11937994509935379,0.8532019853591919,0.32938846945762634,0.8208687901496887,0.4051860272884369,0.7492163181304932,0.5811607837677002,0.7684729099273682,0.5404842495918274,0.9228839874267578,0.19266782701015472,0.94312584400177,0.14064297080039978,0.8840125203132629,0.27538901567459106,0.802955687046051,0.4481378495693207,0.7201074957847595,0.6174171566963196,0.7835199236869812,0.5197389721870422,0.8837438225746155,0.28621459007263184,0.8248992562294006,0.43297314643859863,0.9733094573020935,0.09237425774335861,0.9610389471054077,0.08951019495725632,0.9288849234580994,0.1797175109386444,0.8288401365280151,0.38725537061691284,0.766054630279541,0.5218285322189331,0.7656963467597961,0.5476870536804199,8.520931243896484,0.9623925685882568,0.11793949455022812,0.9580945372581482,0.12170615047216415,0.9194126129150391,0.1915304809808731,0.8413323760032654,0.3450533449649811,0.7750716209411621,0.5050930380821228,0.7575215101242065,0.5539683103561401,0.9645415544509888,0.09462244808673859,0.856733500957489,0.3493826687335968,0.8373925685882568,0.4169701635837555,0.7750716209411621,0.5514337420463562,0.7578796744346619,0.5377134680747986,0.9161891341209412,0.23847363889217377,0.9441260695457458,0.13772428035736084,0.8764326572418213,0.2926425337791443,0.81267911195755,0.4468482732772827,0.7453438639640808,0.6043362021446228,0.7951289415359497,0.5002745985984802,0.8828796744346619,0.3058197796344757,0.8402578830718994,0.4122180938720703,0.9734957218170166,0.08008424937725067,0.9677650332450867,0.08966647833585739,0.921561598777771,0.1948196291923523,0.8252149224281311,0.3898686170578003,0.7754297852516174,0.5195380449295044,0.7804441452026367,0.5441811680793762
16,8.187331199645996,0.9591580629348755,0.11788837611675262,0.965696394443512,0.09561306238174438,0.9268249273300171,0.1783895492553711,0.863322913646698,0.3168664574623108,0.7687416076660156,0.510684072971344,0.7589789628982544,0.5458627939224243,0.9551276564598083,0.1128130778670311,0.8606359362602234,0.31768515706062317,0.8382444977760315,0.38425981998443604,0.7698163986206055,0.5546401143074036,0.7682042121887207,0.527229905128479,0.921809196472168,0.1904868632555008,0.9455441236495972,0.13121359050273895,0.8910882472991943,0.26593559980392456,0.8137035369873047,0.4269261360168457,0.744021475315094,0.5881427526473999,0.7941782474517822,0.4933722913265228,0.8888490796089172,0.2761419117450714,0.8309001326560974,0.4145163893699646,0.9739363789558411,0.08682635426521301,0.9619346261024475,0.0878831073641777,0.9301388263702393,0.16921326518058777,0.8403940796852112,0.3675829768180847,0.7777877449989319,0.5036952495574951,0.7776085734367371,0.5226490497589111,8.15237808227539,0.9620344042778015,0.11123203486204147,0.9609599113464355,0.11898601800203323,0.9308739304542542,0.18190349638462067,0.8649713397026062,0.3221859037876129,0.7936962842941284,0.4813630282878876,0.7700573205947876,0.5365048050880432,0.9677650332450867,0.08864749222993851,0.8664039969444275,0.3370445966720581,0.8449140191078186,0.40411511063575745,0.7765042781829834,0.5414461493492126,0.7872492671012878,0.5055763125419617,0.9229942560195923,0.21422109007835388,0.948782205581665,0.1325925886631012,0.890759289264679,0.2785414159297943,0.8209168910980225,0.43612515926361084,0.7679083347320557,0.5636813044548035,0.8162607550621033,0.4679569900035858,0.8954154849052429,0.301064133644104,0.859240710735321,0.3857772648334503,0.9749283790588379,0.07645397633314133,0.9699140191078186,0.08142084628343582,0.9283667802810669,0.1909223049879074,0.8424068689346313,0.3803768455982208,0.7958452701568604,0.5121151804924011,0.8008595705032349,0.5200161337852478
20,7.832695484161377,0.9610389471054077,0.10957842320203781,0.9686520099639893,0.08859308809041977,0.931034505367279,0.16660235822200775,0.8652933239936829,0.31309765577316284,0.7799373269081116,0.49510374665260315,0.7700850963592529,0.5284512042999268,0.9604120254516602,0.10398346185684204,0.8656516075134277,0.3076254427433014,0.8468428254127502,0.37134063243865967,0.7716076970100403,0.5415246486663818,0.788087785243988,0.4936501681804657,0.9262875318527222,0.17997434735298157,0.948051929473877,0.12844990193843842,0.8964621424674988,0.2533252239227295,0.8212270736694336,0.4147163927555084,0.7570980787277222,0.5612431168556213,0.8022391200065613,0.4781339466571808,0.8958352208137512,0.25498658418655396,0.837796688079834,0.39957576990127563,0.9743842482566833,0.08538252115249634,0.9663233160972595,0.08014768362045288,0.9339005947113037,0.16149865090847015,0.8446036577224731,0.3497363328933716,0.7943573594093323,0.4715578854084015,0.7883564829826355,0.49472159147262573,7.983558654785156,0.9620344042778015,0.11505623161792755,0.9613180756568909,0.11438266932964325,0.9308739304542542,0.1805575042963028,0.8513610363006592,0.3443642854690552,0.7926217913627625,0.47557514905929565,0.7747134566307068,0.512179434299469,0.9641833901405334,0.0883202850818634,0.862464189529419,0.3417077958583832,0.8402578830718994,0.3980540335178375,0.7990687489509583,0.508204996585846,0.7979942560195923,0.4750904142856598,0.9172636270523071,0.2218770980834961,0.9469913840293884,0.13525530695915222,0.8850286602973938,0.2829064130783081,0.8266475796699524,0.41951921582221985,0.7732807993888855,0.5573760867118835,0.8202005624771118,0.4488706588745117,0.8832378387451172,0.30820247530937195,0.8581662178039551,0.3783016502857208,0.9763610363006592,0.06666845828294754,0.9713466763496399,0.08013582229614258,0.9301576018333435,0.18301357328891754,0.8345271944999695,0.3610876500606537,0.7951289415359497,0.4878174066543579,0.7944126129150391,0.5171720385551453
21,7.459640026092529,0.9613076448440552,0.10620972514152527,0.9690998792648315,0.0815439447760582,0.9349753856658936,0.16188327968120575,0.8757724761962891,0.29119929671287537,0.7887147068977356,0.4753788411617279,0.7771607637405396,0.5104954242706299,0.9615763425827026,0.09886837750673294,0.8750559687614441,0.2953445315361023,0.8516793847084045,0.34714674949645996,0.7891625761985779,0.510613203048706,0.799283504486084,0.4750058948993683,0.9304075241088867,0.17169779539108276,0.9507389068603516,0.12016592919826508,0.9026421904563904,0.23903773725032806,0.8317062258720398,0.39649492502212524,0.7659650444984436,0.5363153219223022,0.8111956715583801,0.4511130750179291,0.9052395820617676,0.23944444954395294,0.8443349599838257,0.37859609723091125,0.9768025279045105,0.07852740585803986,0.9694581031799316,0.07507050037384033,0.936139702796936,0.15521183609962463,0.8555306792259216,0.3249678611755371,0.8031347990036011,0.4543774425983429,0.8002687096595764,0.48069337010383606,7.47689151763916,0.9638252258300781,0.1049414649605751,0.9645415544509888,0.11214394122362137,0.9294412732124329,0.1656239628791809,0.8653295040130615,0.31392714381217957,0.8040831089019775,0.4454818665981293,0.7836676239967346,0.5120555758476257,0.9702721834182739,0.08389353007078171,0.8703438639640808,0.31639963388442993,0.8642550110816956,0.37325140833854675,0.8087392449378967,0.4850301444530487,0.8062320947647095,0.4443433880805969,0.9212034344673157,0.21038255095481873,0.9555873870849609,0.11939229816198349,0.8997134566307068,0.2547958791255951,0.8424068689346313,0.39804986119270325,0.7922636270523071,0.5032155513763428,0.8356017470359802,0.4244232475757599,0.8925501704216003,0.28012439608573914,0.8674784898757935,0.34689009189605713,0.9795845150947571,0.06622933596372604,0.9745702147483826,0.07660645991563797,0.9333810806274414,0.17390377819538116,0.8553008437156677,0.34562626481056213,0.8133954405784607,0.45746123790740967,0.8073065876960754,0.4797273874282837
22,7.096488952636719,0.9664129018783569,0.09581170976161957,0.9716076850891113,0.07495012879371643,0.9386475682258606,0.15285834670066833,0.8772055506706238,0.28386685252189636,0.8027765154838562,0.45092687010765076,0.7941782474517822,0.4831509292125702,0.9641737341880798,0.08945322781801224,0.8832064270973206,0.28079932928085327,0.8641289472579956,0.3368080258369446,0.793013870716095,0.49684569239616394,0.8101209402084351,0.4452974200248718,0.9388266801834106,0.1572643220424652,0.9580832719802856,0.11268474906682968,0.909896969795227,0.22567103803157806,0.8404836654663086,0.3774094581604004,0.7796686291694641,0.5123654007911682,0.8237348794937134,0.4289260804653168,0.9068517684936523,0.22801326215267181,0.8573219776153564,0.3569285571575165,0.977966845035553,0.06977865844964981,0.9682937860488892,0.07116898149251938,0.9422301650047302,0.14539870619773865,0.8638602495193481,0.31853601336479187,0.8075234889984131,0.44312870502471924,0.8094043731689453,0.4569249153137207,7.01335334777832,0.9688395261764526,0.09493959695100784,0.9645415544509888,0.10289409756660461,0.9405444264411926,0.15513043105602264,0.8767908215522766,0.2813895642757416,0.8234240412712097,0.423049658536911,0.795487105846405,0.4814653694629669,0.9724212288856506,0.07820790261030197,0.8742836713790894,0.30054771900177,0.8495702147483826,0.3661590814590454,0.8133954405784607,0.4703802168369293,0.8205587267875671,0.4201350212097168,0.9294412732124329,0.1886352002620697,0.9613180756568909,0.10862138867378235,0.9133237600326538,0.2247541844844818,0.8588825464248657,0.36391332745552063,0.814828097820282,0.4752258062362671,0.8363180756568909,0.4023461639881134,0.9036533236503601,0.2601574659347534,0.8757163286209106,0.33231738209724426,0.9788681864738464,0.06422930210828781,0.9767192006111145,0.07141610234975815,0.9437679052352905,0.1535988599061966,0.8692693114280701,0.3135286271572113,0.8198423981666565,0.44046643376350403,0.8033667802810669,0.4573235511779785
23,6.7486796379089355,0.9663233160972595,0.0899491235613823,0.9740259647369385,0.07093555480241776,0.9426780343055725,0.14556333422660828,0.8861621022224426,0.2690771818161011,0.8146887421607971,0.4299061894416809,0.8022391200065613,0.4603268802165985,0.9678459763526917,0.08315042406320572,0.8892968893051147,0.26057860255241394,0.8709359765052795,0.3196401298046112,0.8062695860862732,0.4680614471435547,0.8288401365280151,0.41799280047416687,0.9406179785728455,0.14825870096683502,0.9584415555000305,0.10690875351428986,0.9114196300506592,0.21548984944820404,0.8472906351089478,0.36286628246307373,0.7912225723266602,0.4951615631580353,0.8363636136054993,0.40554752945899963,0.9163457155227661,0.2167816013097763,0.8635915517807007,0.33983859419822693,0.9800268411636353,0.06469003856182098,0.970801591873169,0.07087267190217972,0.9423197507858276,0.14097820222377777,0.8709359765052795,0.3003733158111572,0.8153157234191895,0.4201968014240265,0.8153157234191895,0.44036099314689636,6.645893096923828,0.968123197555542,0.09436725825071335,0.9666905403137207,0.10039486736059189,0.9401862621307373,0.1416151374578476,0.889684796333313,0.2677570581436157,0.8287965655326843,0.4065171480178833,0.8244985938072205,0.4460989236831665,0.9752865433692932,0.07192178070545197,0.887535810470581,0.28035083413124084,0.8775071501731873,0.3342238962650299,0.829512894153595,0.4547301232814789,0.8381088972091675,0.3907565772533417,0.939828097820282,0.17942562699317932,0.9616762399673462,0.1039535254240036,0.9115329384803772,0.22803379595279694,0.860315203666687,0.3535044491291046,0.8255730867385864,0.45154306292533875,0.8502865433692932,0.386027067899704,0.9101002812385559,0.2470255047082901,0.8814470171928406,0.31430530548095703,0.9799426794052124,0.059952739626169205,0.9777936935424805,0.07347670197486877,0.9434097409248352,0.14676204323768616,0.876074492931366,0.2926531434059143,0.8338108658790588,0.41190865635871887,0.8270057439804077,0.4268319308757782
24,6.366819381713867,0.9742946624755859,0.07458024471998215,0.977250337600708,0.06368223577737808,0.9455441236495972,0.13407570123672485,0.8918047547340393,0.255714476108551,0.8248992562294006,0.40878599882125854,0.8137931227684021,0.442142128944397,0.9715181589126587,0.07577406615018845,0.8978952169418335,0.24718761444091797,0.875593364238739,0.3051183819770813,0.8111061453819275,0.45566654205322266,0.8358262181282043,0.39156410098075867,0.943842351436615,0.1396261304616928,0.9599641561508179,0.09872203320264816,0.9194805026054382,0.20345905423164368,0.8572324514389038,0.340156227350235,0.8006269335746765,0.4672866463661194,0.8461262583732605,0.38124293088912964,0.9176892042160034,0.206056609749794,0.8739811778068542,0.3180142939090729,0.9811912178993225,0.06064561754465103,0.9771607518196106,0.060912322252988815,0.9468876123428345,0.13266006112098694,0.8795342445373535,0.2799724042415619,0.8287505507469177,0.40447282791137695,0.8297357559204102,0.41539597511291504,6.410175800323486,0.9706303477287292,0.08677539229393005,0.9706303477287292,0.0994022861123085,0.9502149224281311,0.13429111242294312,0.8975644707679749,0.25888898968696594,0.842048704624176,0.3765511214733124,0.8298710584640503,0.4296357035636902,0.9777936935424805,0.07334728538990021,0.8936246633529663,0.2761189043521881,0.8825215101242065,0.32666370272636414,0.8381088972091675,0.43447303771972656,0.8599570393562317,0.3641566336154938,0.9437679052352905,0.17375633120536804,0.9645415544509888,0.10402029007673264,0.9201289415359497,0.22110232710838318,0.8649713397026062,0.3518659174442291,0.8381088972091675,0.43466827273368835,0.8542263507843018,0.3681480288505554,0.9172636270523071,0.2383832037448883,0.8825215101242065,0.2994505763053894,0.9849570393562317,0.04991425573825836,0.9792263507843018,0.07259763032197952,0.9509312510490417,0.14492379128932953,0.8925501704216003,0.28173619508743286,0.8463466763496399,0.40248697996139526,0.84670490026474,0.4194762110710144
25,5.99157190322876,0.9723242521286011,0.07426059246063232,0.9778773188591003,0.062084853649139404,0.9478728175163269,0.13249504566192627,0.8991491198539734,0.24150072038173676,0.842185378074646,0.3778497278690338,0.8321540355682373,0.4097096025943756,0.973578155040741,0.07087280601263046,0.9044334888458252,0.2298114001750946,0.8853560090065002,0.2837725579738617,0.8233765959739685,0.4241878092288971,0.8489924073219299,0.3648538589477539,0.9484102129936218,0.13306652009487152,0.9673981070518494,0.0893150046467781,0.9212718605995178,0.19683650135993958,0.866995096206665,0.3238113522529602,0.8174653053283691,0.444784551858902,0.8508732914924622,0.37015393376350403,0.9234213829040527,0.1946338713169098,0.8787281513214111,0.3091040551662445,0.9835199117660522,0.05303472653031349,0.976533830165863,0.05916846543550491,0.9534258842468262,0.12052392214536667,0.8892073631286621,0.26753780245780945,0.8419166803359985,0.3683958649635315,0.8437975645065308,0.38842371106147766,6.319512367248535,0.97170490026474,0.08389299362897873,0.9699140191078186,0.10229279845952988,0.9498567581176758,0.1298217922449112,0.902220606803894,0.24797526001930237,0.8470630645751953,0.37380343675613403,0.8438395261764526,0.4141286611557007,0.9795845150947571,0.06695401668548584,0.9065186381340027,0.26372745633125305,0.8753581643104553,0.3281032145023346,0.8359599113464355,0.43836086988449097,0.8692693114280701,0.34536436200141907,0.9452005624771118,0.18505391478538513,0.9638252258300781,0.0968758761882782,0.921561598777771,0.22957439720630646,0.8681948184967041,0.34019631147384644,0.8298710584640503,0.4338124990463257,0.8707020282745361,0.3542810082435608,0.9255014061927795,0.23265914618968964,0.8853868246078491,0.29539066553115845,0.9813753366470337,0.052757564932107925,0.9835243821144104,0.060460664331912994,0.9498567581176758,0.14738626778125763,0.8800143003463745,0.2961408197879791,0.8406160473823547,0.410505086183548,0.8459885120391846,0.40416985750198364
26,5.64321756362915,0.9739363789558411,0.06884963065385818,0.9800268411636353,0.054298363626003265,0.950291097164154,0.12223823368549347,0.9040752053260803,0.22590728104114532,0.8457680344581604,0.3601891100406647,0.8376175761222839,0.39750587940216064,0.9745633602142334,0.0665346160531044,0.9101656675338745,0.2197333574295044,0.8883116841316223,0.27872341871261597,0.8409314751625061,0.4076763391494751,0.8625168204307556,0.3476231098175049,0.9526197910308838,0.1221543475985527,0.9677563905715942,0.08287426829338074,0.9330049157142639,0.17661716043949127,0.8778325319290161,0.3019941449165344,0.8217644691467285,0.43026572465896606,0.8611733317375183,0.34323325753211975,0.9305866360664368,0.17592498660087585,0.8888490796089172,0.2834058105945587,0.9836990833282471,0.050416477024555206,0.9797581434249878,0.05302562192082405,0.9536945819854736,0.11452708393335342,0.8952978253364563,0.24682965874671936,0.8531123995780945,0.34605908393859863,0.8520376086235046,0.3680627942085266,5.717398643493652,0.9734957218170166,0.07521029561758041,0.9734957218170166,0.08392325043678284,0.9645415544509888,0.11354692280292511,0.9083094596862793,0.2358255386352539,0.8574498295783997,0.34685537219047546,0.8681948184967041,0.36408206820487976,0.9795845150947571,0.05849804729223251,0.9090257883071899,0.2446964830160141,0.8882521390914917,0.29637253284454346,0.855659008026123,0.39624643325805664,0.8782234787940979,0.31654226779937744,0.948782205581665,0.15124328434467316,0.968123197555542,0.08947432786226273,0.9233524203300476,0.20053578913211823,0.8710601925849915,0.3202657103538513,0.8481375575065613,0.4025433361530304,0.8810888528823853,0.331476092338562,0.9251432418823242,0.2069435715675354,0.9104584455490112,0.26240018010139465,0.9856733679771423,0.04661362245678902,0.9835243821144104,0.05955381691455841,0.9566618800163269,0.13061678409576416,0.8982807993888855,0.25773489475250244,0.8553008437156677,0.3706746995449066,0.8610315322875977,0.37139514088630676
27,5.334705829620361,0.9785042405128479,0.060544438660144806,0.9802955389022827,0.053138040006160736,0.9540528655052185,0.11287510395050049,0.909538745880127,0.22043797373771667,0.8524854183197021,0.3460828363895416,0.8463054299354553,0.37407371401786804,0.9786834120750427,0.060355044901371,0.9177787899971008,0.20243632793426514,0.8949395418167114,0.2594314217567444,0.8458576202392578,0.38631436228752136,0.8727272748947144,0.31830084323883057,0.9555754661560059,0.11261775344610214,0.9690102934837341,0.07955776154994965,0.9348857998847961,0.16615930199623108,0.8808777332305908,0.29115501046180725,0.8367218971252441,0.4014738202095032,0.8722794651985168,0.32448282837867737,0.9373040795326233,0.16792796552181244,0.8918943405151367,0.27491089701652527,0.9838781952857971,0.04825250804424286,0.9802060127258301,0.05010034143924713,0.9562919735908508,0.1073920875787735,0.9084639549255371,0.2255774736404419,0.8626063466072083,0.33525505661964417,0.8566950559616089,0.3559378683567047,5.54139518737793,0.9745702147483826,0.07465637475252151,0.9709885120391846,0.0953744649887085,0.9641833901405334,0.10779814422130585,0.9161891341209412,0.2216002494096756,0.8671203255653381,0.3293916881084442,0.8714183568954468,0.34955647587776184,0.9810171723365784,0.05716881528496742,0.9176217913627625,0.22569908201694489,0.8929083347320557,0.29446813464164734,0.8560171723365784,0.3833572566509247,0.8792979717254639,0.3129074275493622,0.9469913840293884,0.15853315591812134,0.9720630645751953,0.08343648165464401,0.9272922873497009,0.19488359987735748,0.8853868246078491,0.3019375503063202,0.8413323760032654,0.401274710893631,0.8825215101242065,0.312958687543869,0.9305157661437988,0.20516356825828552,0.9104584455490112,0.24519501626491547,0.9838825464248657,0.046927131712436676,0.9831662178039551,0.058286432176828384,0.9566618800163269,0.12936684489250183,0.8997134566307068,0.24878640472888947,0.8610315322875977,0.3591838479042053,0.8653295040130615,0.35759612917900085
28,5.03472375869751,0.9799373149871826,0.054633401334285736,0.9837886095046997,0.04749014601111412,0.9579041600227356,0.10708180069923401,0.9184952974319458,0.19903573393821716,0.8672637939453125,0.32022956013679504,0.8589341640472412,0.3530674874782562,0.9799373149871826,0.05453254655003548,0.9205552935600281,0.19564276933670044,0.9019256830215454,0.24051575362682343,0.8517689108848572,0.36879730224609375,0.8712942004203796,0.31475192308425903,0.9596059322357178,0.10480781644582748,0.9723242521286011,0.07518298923969269,0.9342588186264038,0.16485223174095154,0.8885803818702698,0.2715266942977905,0.8470219373703003,0.383541464805603,0.8755037784576416,0.31374654173851013,0.9395431876182556,0.16043637692928314,0.9014778137207031,0.24944667518138885,0.9854903817176819,0.045485299080610275,0.9819973111152649,0.0474441796541214,0.9615763425827026,0.09783744812011719,0.9086430668830872,0.22295591235160828,0.8669055104255676,0.316356897354126,0.8698611855506897,0.3297339379787445,5.445155620574951,0.9745702147483826,0.08227091282606125,0.9731375575065613,0.09221670776605606,0.9602435827255249,0.1091834083199501,0.9194126129150391,0.21576200425624847,0.8746418356895447,0.32556021213531494,0.8764326572418213,0.3385724127292633,0.9820916652679443,0.058406636118888855,0.9197707772254944,0.22936075925827026,0.8972063064575195,0.2845555543899536,0.8606733679771423,0.38628968596458435,0.8850286602973938,0.3022373914718628,0.954512894153595,0.15047213435173035,0.9709885120391846,0.08330857008695602,0.9358882308006287,0.1888815313577652,0.8936246633529663,0.2907068133354187,0.8599570393562317,0.37507936358451843,0.8882521390914917,0.2974017560482025,0.9330229163169861,0.20927448570728302,0.9133237600326538,0.23939953744411469,0.985315203666687,0.04751032963395119,0.9831662178039551,0.0590301975607872,0.9588108658790588,0.1249733716249466,0.9018624424934387,0.2547048032283783,0.8649713397026062,0.36873024702072144,0.8782234787940979,0.34368741512298584
29,4.653102397918701,0.9817286133766174,0.051625773310661316,0.9860277771949768,0.041070569306612015,0.9608598351478577,0.09731446206569672,0.9236005544662476,0.1839396059513092,0.8721898794174194,0.30602091550827026,0.8681594133377075,0.32609859108924866,0.9837886095046997,0.046074021607637405,0.9292431473731995,0.18429146707057953,0.9063143730163574,0.22980907559394836,0.8636811375617981,0.3458855450153351,0.8873264789581299,0.284330278635025,0.9618450403213501,0.0966334417462349,0.977250337600708,0.06322114914655685,0.9448275566101074,0.14749617874622345,0.9033586978912354,0.24469751119613647,0.8575906753540039,0.35195547342300415,0.88768470287323,0.28578221797943115,0.9442902207374573,0.150831937789917,0.9072995781898499,0.23023685812950134,0.9861173033714294,0.040158145129680634,0.9846842885017395,0.041038163006305695,0.9621137380599976,0.09437797218561172,0.9135692119598389,0.206341952085495,0.8805195093154907,0.295050710439682,0.8768472671508789,0.31248408555984497,5.02999210357666,0.9810171723365784,0.06991923600435257,0.9777936935424805,0.08502668142318726,0.9634670615196228,0.09438306838274002,0.922636091709137,0.20751236379146576,0.8864613175392151,0.29087433218955994,0.8732091784477234,0.33528992533683777,0.9845988750457764,0.05288517847657204,0.9240687489509583,0.21104273200035095,0.8968481421470642,0.2631117105484009,0.8638968467712402,0.3622910976409912,0.8814470171928406,0.28362011909484863,0.9559455513954163,0.1380346268415451,0.9774355292320251,0.07075491547584534,0.9423352479934692,0.1714974343776703,0.9015042781829834,0.2698118984699249,0.8699856996536255,0.348812460899353,0.8997134566307068,0.28298449516296387,0.9366045594215393,0.18688635528087616,0.9190544486045837,0.22624817490577698,0.9849570393562317,0.04346826672554016,0.9849570393562317,0.051286015659570694,0.9606017470359802,0.11112933605909348,0.9147564172744751,0.22615160048007965,0.8789398074150085,0.3314002752304077,0.8792979717254639,0.32440054416656494
30,4.460241794586182,0.9830721020698547,0.04834524914622307,0.9856694936752319,0.041656479239463806,0.9650694131851196,0.0896841287612915,0.9284370541572571,0.1805916726589203,0.8846395015716553,0.28749287128448486,0.8740707635879517,0.3147300183773041,0.9824451208114624,0.050271954387426376,0.9316614270210266,0.168930321931839,0.9133005142211914,0.21826790273189545,0.8601880669593811,0.34369999170303345,0.8891177773475647,0.2786142826080322,0.9690998792648315,0.08586494624614716,0.9776981472969055,0.06150694563984871,0.9446484446525574,0.13980011641979218,0.9070308804512024,0.23397722840309143,0.866995096206665,0.33558714389801025,0.8901925683021545,0.27418282628059387,0.9481415152549744,0.13919085264205933,0.9087326526641846,0.2310558259487152,0.9868338704109192,0.0411040373146534,0.9845947027206421,0.04073473438620567,0.9669502973556519,0.08461547642946243,0.9232422709465027,0.1914358288049698,0.8845499157905579,0.2885535955429077,0.8791760206222534,0.2932020127773285,4.733168125152588,0.9799426794052124,0.0637119710445404,0.9774355292320251,0.08168274909257889,0.9695558547973633,0.08419187366962433,0.9294412732124329,0.19640356302261353,0.8904011249542236,0.2869608998298645,0.9040114879608154,0.2884107828140259,0.9845988750457764,0.05423826351761818,0.9348137378692627,0.19616533815860748,0.8997134566307068,0.26013296842575073,0.8742836713790894,0.34815430641174316,0.9015042781829834,0.2583158314228058,0.9631088972091675,0.12888504564762115,0.9788681864738464,0.06954079866409302,0.9484240412712097,0.1595637947320938,0.9115329384803772,0.25741466879844666,0.8796561360359192,0.3391302227973938,0.9075931310653687,0.26116693019866943,0.9430515766143799,0.17913293838500977,0.9308739304542542,0.2065466344356537,0.9881805181503296,0.03942200168967247,0.984240710735321,0.05142364650964737,0.9659742116928101,0.10777048766613007,0.9165472984313965,0.21280436217784882,0.8853868246078491,0.30766063928604126,0.8911174535751343,0.30404791235923767
31,4.254354000091553,0.9857590794563293,0.043623462319374084,0.9875503778457642,0.03651072084903717,0.9670398831367493,0.08827312290668488,0.9332736134529114,0.17119792103767395,0.8859829902648926,0.270234078168869,0.8848186135292053,0.2918299734592438,0.9838781952857971,0.04419955611228943,0.9338110089302063,0.16389425098896027,0.9163457155227661,0.21338658034801483,0.866995096206665,0.3291311264038086,0.8979848027229309,0.26067787408828735,0.966592013835907,0.08518684655427933,0.9780564308166504,0.058698780834674835,0.9504702091217041,0.13282153010368347,0.9083743691444397,0.22787800431251526,0.8674429059028625,0.32759302854537964,0.8999552130699158,0.25937411189079285,0.948051929473877,0.137537881731987,0.9195700883865356,0.21583062410354614,0.9862964749336243,0.03882048651576042,0.9871920943260193,0.03510863333940506,0.9680250883102417,0.08206403255462646,0.9244961738586426,0.18687061965465546,0.891177773475647,0.2726208567619324,0.8882220983505249,0.28214600682258606,4.5988078117370605,0.9803008437156677,0.057427383959293365,0.9781518578529358,0.07499255985021591,0.9695558547973633,0.08103864639997482,0.9283667802810669,0.19744634628295898,0.8939828276634216,0.28069818019866943,0.8982807993888855,0.28736618161201477,0.9838825464248657,0.04921463876962662,0.9297994375228882,0.19115985929965973,0.9036533236503601,0.24443073570728302,0.8775071501731873,0.3286214768886566,0.906876802444458,0.26341959834098816,0.9627507328987122,0.11563890427350998,0.9799426794052124,0.06369131803512573,0.9444842338562012,0.15829890966415405,0.9083094596862793,0.2526109516620636,0.8796561360359192,0.33265936374664307,0.9047278165817261,0.2622373402118683,0.940902590751648,0.17095127701759338,0.9294412732124329,0.19903205335140228,0.9885386824607849,0.03686504065990448,0.9878223538398743,0.04242248088121414,0.9663323760032654,0.10566475987434387,0.9305157661437988,0.2008829563856125,0.8828796744346619,0.30973508954048157,0.8925501704216003,0.304814875125885
32,4.088587760925293,0.9848634004592896,0.04300044849514961,0.9866546988487244,0.038442086428403854,0.9692789912223816,0.0778484046459198,0.9327362179756165,0.16601714491844177,0.8967308402061462,0.2554004490375519,0.8955665230751038,0.27864986658096313,0.9823555946350098,0.044036611914634705,0.9377518892288208,0.1579781025648117,0.9192118048667908,0.211572527885437,0.8752350807189941,0.3154430687427521,0.9003134965896606,0.25116369128227234,0.9709807634353638,0.0789606049656868,0.9777877330780029,0.05825245380401611,0.9516345858573914,0.12527470290660858,0.9081056714057922,0.2266327291727066,0.8757724761962891,0.3116341233253479,0.9013882875442505,0.2494451403617859,0.9519032835960388,0.12977808713912964,0.9207344651222229,0.20472176373004913,0.9868338704109192,0.039251986891031265,0.9860277771949768,0.03492630645632744,0.9699954986572266,0.07897230237722397,0.925302267074585,0.18062438070774078,0.8988804221153259,0.2577432692050934,0.8929690718650818,0.27260711789131165,4.606293678283691,0.9810171723365784,0.062431883066892624,0.9799426794052124,0.08116492629051208,0.9688395261764526,0.0842338427901268,0.934097409248352,0.18976545333862305,0.9007879495620728,0.2689777910709381,0.9025787711143494,0.27233049273490906,0.984240710735321,0.05167069286108017,0.9315902590751648,0.19839181005954742,0.9115329384803772,0.2569947838783264,0.8757163286209106,0.3255854547023773,0.9101002812385559,0.23881582915782928,0.9659742116928101,0.14222289621829987,0.9824498295783997,0.06402160227298737,0.9498567581176758,0.15486472845077515,0.9186962842941284,0.24664153158664703,0.887535810470581,0.31484270095825195,0.9097421169281006,0.24411433935165405,0.9380372762680054,0.18787932395935059,0.9323065876960754,0.20239056646823883,0.9871060252189636,0.03724158555269241,0.9871060252189636,0.05034909024834633,0.9674068689346313,0.11283176392316818,0.921561598777771,0.22678886353969574,0.8893266320228577,0.31415173411369324,0.9007879495620728,0.2922583818435669
33,3.901441812515259,0.9846842885017395,0.04145127534866333,0.9873712658882141,0.035156913101673126,0.969368577003479,0.07807152718305588,0.9370353817939758,0.15908442437648773,0.8956560492515564,0.2573172152042389,0.8957456350326538,0.270076721906662,0.9855799078941345,0.0389707125723362,0.9399910569190979,0.14994500577449799,0.925302267074585,0.1940523236989975,0.8840125203132629,0.2950761318206787,0.9092700481414795,0.23069000244140625,0.9709807634353638,0.0775020569562912,0.98163902759552,0.05250881612300873,0.953784167766571,0.12232476472854614,0.9150918126106262,0.21245895326137543,0.878907322883606,0.3022471070289612,0.9079265594482422,0.23369236290454865,0.9510971903800964,0.127330482006073,0.9244066476821899,0.19781672954559326,0.9885355830192566,0.03617898002266884,0.9873712658882141,0.03424635902047157,0.970801591873169,0.07655469328165054,0.9327362179756165,0.17045597732067108,0.8992387056350708,0.2513726055622101,0.8979848027229309,0.2555932402610779,4.345084190368652,0.986389696598053,0.05602933093905449,0.9792263507843018,0.08078151941299438,0.9706303477287292,0.08086938410997391,0.93767911195755,0.18087781965732574,0.9147564172744751,0.24253793060779572,0.9065186381340027,0.26546016335487366,0.9871060252189636,0.04565531387925148,0.9437679052352905,0.18585513532161713,0.9194126129150391,0.24349217116832733,0.8868194818496704,0.31367993354797363,0.9133237600326538,0.23016253113746643,0.9652578830718994,0.13178524374961853,0.9831662178039551,0.061473261564970016,0.9527220726013184,0.15108241140842438,0.9176217913627625,0.24276433885097504,0.8954154849052429,0.29840126633644104,0.9090257883071899,0.24134664237499237,0.9494985938072205,0.16897469758987427,0.9369627237319946,0.1880604773759842,0.9896131753921509,0.033952727913856506,0.9885386824607849,0.0435357466340065,0.9684813618659973,0.1079140156507492,0.9255014061927795,0.20318232476711273,0.9054441452026367,0.27595895528793335,0.9054441452026367,0.28024667501449585
34,3.6630566120147705,0.9876399636268616,0.03835204988718033,0.9877294898033142,0.03278727829456329,0.9727720618247986,0.06940189749002457,0.9411553740501404,0.14612755179405212,0.9070308804512024,0.23152197897434235,0.8956560492515564,0.25716647505760193,0.9866546988487244,0.0366339311003685,0.9463502168655396,0.13618816435337067,0.9296014308929443,0.17698852717876434,0.8864307999610901,0.2863031029701233,0.9085535407066345,0.22499287128448486,0.9740259647369385,0.06846436858177185,0.9808329343795776,0.04868979752063751,0.9586206674575806,0.11450948566198349,0.9218987822532654,0.20114009082317352,0.8901925683021545,0.28256693482398987,0.9151813983917236,0.21991290152072906,0.9540528655052185,0.12177359312772751,0.9296910166740417,0.18022339046001434,0.9881773591041565,0.033702582120895386,0.9855799078941345,0.03544940799474716,0.9715181589126587,0.07370014488697052,0.9327362179756165,0.16459105908870697,0.9089117646217346,0.22964516282081604,0.9028213024139404,0.24872373044490814,4.134061336517334,0.9831662178039551,0.05762345716357231,0.9820916652679443,0.07489476352930069,0.97170490026474,0.07832127064466476,0.9430515766143799,0.16487671434879303,0.9065186381340027,0.2451065480709076,0.9140400886535645,0.2592815160751343,0.9867478609085083,0.04700537025928497,0.9383954405784607,0.17078527808189392,0.920487105846405,0.22286604344844818,0.8911174535751343,0.3005577027797699,0.9140400886535645,0.2311585545539856,0.97170490026474,0.11341293156147003,0.984240710735321,0.05539071932435036,0.9559455513954163,0.13931582868099213,0.9233524203300476,0.22117170691490173,0.9015042781829834,0.28600943088531494,0.9118911027908325,0.23122601211071014,0.9509312510490417,0.1594764143228531,0.9391117691993713,0.17268063127994537,0.9896131753921509,0.03347860276699066,0.9881805181503296,0.04733353853225708,0.9688395261764526,0.09967238456010818,0.935171902179718,0.18728618323802948,0.9090257883071899,0.2653023600578308,0.9004297852516174,0.27517998218536377
35,3.562253952026367,0.9865651726722717,0.03619644045829773,0.9896103739738464,0.03156439587473869,0.9732198715209961,0.06919807195663452,0.9410658478736877,0.14471888542175293,0.9080161452293396,0.22857271134853363,0.9043439030647278,0.24721531569957733,0.9876399636268616,0.03787010908126831,0.9468876123428345,0.13761486113071442,0.9328258037567139,0.17226029932498932,0.8943125605583191,0.27101510763168335,0.9099865555763245,0.22243250906467438,0.976533830165863,0.06768890470266342,0.980922520160675,0.04913151264190674,0.9553067684173584,0.11687679588794708,0.9244961738586426,0.1886540949344635,0.8967308402061462,0.2683097720146179,0.913390040397644,0.22102203965187073,0.9544110894203186,0.11945806443691254,0.9344379901885986,0.17328616976737976,0.9894312620162964,0.03165964037179947,0.9896103739738464,0.028945809230208397,0.9713389873504639,0.07249327749013901,0.9363188743591309,0.15917006134986877,0.9121361374855042,0.22470875084400177,0.9063143730163574,0.24315878748893738,4.096957206726074,0.9845988750457764,0.05060328170657158,0.980659008026123,0.07291030138731003,0.9777936935424805,0.06614893674850464,0.9405444264411926,0.16358180344104767,0.9201289415359497,0.2360890805721283,0.9108166098594666,0.24632391333580017,0.9860315322875977,0.04195237159729004,0.9405444264411926,0.17661741375923157,0.9151146411895752,0.23996877670288086,0.8767908215522766,0.3171081840991974,0.9269341230392456,0.20999997854232788,0.969197690486908,0.11429751664400101,0.9849570393562317,0.0553770437836647,0.9580945372581482,0.13309736549854279,0.9201289415359497,0.23394885659217834,0.8964899778366089,0.2930852770805359,0.9269341230392456,0.21566607058048248,0.9502149224281311,0.16028568148612976,0.9391117691993713,0.17973077297210693,0.9899713397026062,0.032624151557683945,0.9896131753921509,0.04221382364630699,0.969197690486908,0.09769551455974579,0.9344555735588074,0.18932880461215973,0.9072349667549133,0.26689183712005615,0.9025787711143494,0.27000370621681213
36,3.3717379570007324,0.988625168800354,0.03377600386738777,0.9903269410133362,0.028887977823615074,0.9752798676490784,0.06514625251293182,0.9440215229988098,0.14072899520397186,0.9134796261787415,0.21765264868736267,0.9051499962806702,0.2375948429107666,0.9874607920646667,0.03587818518280983,0.951545000076294,0.12917305529117584,0.9370353817939758,0.16374711692333221,0.8965517282485962,0.2601301372051239,0.9215404987335205,0.20472320914268494,0.9751903414726257,0.06518099457025528,0.9846842885017395,0.04220906272530556,0.9593372344970703,0.10673853009939194,0.928974449634552,0.18208645284175873,0.9026421904563904,0.25248992443084717,0.9196596741676331,0.2086055427789688,0.9610389471054077,0.10847975313663483,0.9341692924499512,0.17205478250980377,0.9897895455360413,0.028749994933605194,0.988804280757904,0.028925644233822823,0.9751903414726257,0.06354229152202606,0.9385579824447632,0.15404707193374634,0.9158083200454712,0.21767191588878632,0.9120465517044067,0.22379270195960999,4.0085272789001465,0.9867478609085083,0.0571260005235672,0.9824498295783997,0.07900495082139969,0.9788681864738464,0.067958302795887,0.9480658769607544,0.1597844958305359,0.9147564172744751,0.2357349842786789,0.9186962842941284,0.2308943122625351,0.9885386824607849,0.050097182393074036,0.9462750554084778,0.16809754073619843,0.9276504516601562,0.22302915155887604,0.90329509973526,0.2787156105041504,0.9247850775718689,0.20547910034656525,0.9734957218170166,0.12130772322416306,0.9831662178039551,0.0636221393942833,0.9570200443267822,0.1371822953224182,0.9272922873497009,0.2297273576259613,0.9007879495620728,0.27940231561660767,0.9251432418823242,0.2106931060552597,0.9516475796699524,0.1624240130186081,0.9494985938072205,0.15944522619247437,0.9906876683235168,0.029073692858219147,0.9881805181503296,0.04749428853392601,0.9677650332450867,0.10316455364227295,0.9305157661437988,0.1889255940914154,0.9115329384803772,0.2614109218120575,0.907951295375824,0.26267024874687195
37,3.226628303527832,0.9881773591041565,0.033553123474121094,0.9892521500587463,0.028847288340330124,0.977250337600708,0.06009901687502861,0.9468876123428345,0.13278816640377045,0.9163457155227661,0.20983052253723145,0.9170622229576111,0.21554173529148102,0.9881773591041565,0.032446615397930145,0.9504702091217041,0.1264149397611618,0.935960590839386,0.16609537601470947,0.9041647911071777,0.24747957289218903,0.9201074838638306,0.19840815663337708,0.9780564308166504,0.059269391000270844,0.9817286133766174,0.04835807904601097,0.9641737341880798,0.10122444480657578,0.9290640354156494,0.17679719626903534,0.9026421904563904,0.25394028425216675,0.9268249273300171,0.1900119036436081,0.9601433277130127,0.10679201036691666,0.936677098274231,0.16367237269878387,0.9904164671897888,0.0274610985070467,0.9896999597549438,0.02786775678396225,0.974473774433136,0.06680908799171448,0.9450962543487549,0.14050747454166412,0.9205552935600281,0.2046964168548584,0.9202865958213806,0.21226702630519867,3.9961650371551514,0.9831662178039551,0.05731179565191269,0.9795845150947571,0.0733487457036972,0.9738538861274719,0.07252272963523865,0.9462750554084778,0.15528540313243866,0.9186962842941284,0.2343103289604187,0.9190544486045837,0.24496318399906158,0.9885386824607849,0.044141367077827454,0.9473495483398438,0.1672574281692505,0.9294412732124329,0.21999937295913696,0.9007879495620728,0.2726703882217407,0.9237105846405029,0.20705574750900269,0.9724212288856506,0.12385409325361252,0.986389696598053,0.05766347795724869,0.9588108658790588,0.13366128504276276,0.9251432418823242,0.21454043686389923,0.90329509973526,0.27835604548454285,0.921561598777771,0.22679950296878815,0.952363908290863,0.14768154919147491,0.9416189193725586,0.16754311323165894,0.9881805181503296,0.03659385070204735,0.9885386824607849,0.04361771047115326,0.9684813618659973,0.1009761318564415,0.9369627237319946,0.18711109459400177,0.9101002812385559,0.2579863369464874,0.9065186381340027,0.27972468733787537
38,3.1711459159851074,0.9892521500587463,0.031088639050722122,0.9898790717124939,0.02905390039086342,0.9782355427742004,0.06071256473660469,0.9483206272125244,0.12991993129253387,0.9210031628608704,0.2051440179347992,0.9170622229576111,0.21470703184604645,0.987908661365509,0.03386425971984863,0.9530676007270813,0.12157073616981506,0.9372144937515259,0.1600964367389679,0.9030004739761353,0.2518981695175171,0.9252127408981323,0.19132453203201294,0.9780564308166504,0.061701737344264984,0.9857590794563293,0.04095557704567909,0.9621137380599976,0.10283629596233368,0.9308553338050842,0.1765061914920807,0.8997761011123657,0.2533394992351532,0.9284370541572571,0.19021989405155182,0.9637259244918823,0.0973849818110466,0.938737154006958,0.16335797309875488,0.9901477694511414,0.02638845518231392,0.9903269410133362,0.026311926543712616,0.9759068489074707,0.062428154051303864,0.9486789107322693,0.13584250211715698,0.9233318567276001,0.1980547159910202,0.9193909764289856,0.20609904825687408,3.761270046234131,0.986389696598053,0.05142103508114815,0.9838825464248657,0.06244221702218056,0.9795845150947571,0.06387124210596085,0.9455587267875671,0.1573987603187561,0.9312320947647095,0.20567993819713593,0.922636091709137,0.2284245640039444,0.9871060252189636,0.042963121086359024,0.9494985938072205,0.16391228139400482,0.9287249445915222,0.2157789170742035,0.9011461138725281,0.2822209596633911,0.9358882308006287,0.18417659401893616,0.9738538861274719,0.11693716049194336,0.9878223538398743,0.05333765968680382,0.9623925685882568,0.12584072351455688,0.9319484233856201,0.20488333702087402,0.9118911027908325,0.2655365467071533,0.926217794418335,0.21011824905872345,0.954512894153595,0.14362680912017822,0.9477077126502991,0.1525898575782776,0.9924784898757935,0.026716476306319237,0.9896131753921509,0.04310024157166481,0.9688395261764526,0.10320649296045303,0.9430515766143799,0.16857369244098663,0.9036533236503601,0.2515985071659088,0.9143982529640198,0.2466186136007309
39,2.9758715629577637,0.9896999597549438,0.02888692356646061,0.9914016723632812,0.02626952901482582,0.9775190353393555,0.06162767857313156,0.9502015113830566,0.12763787806034088,0.9248544573783875,0.19331859052181244,0.9205552935600281,0.20177023112773895,0.9897895455360413,0.02798154577612877,0.9547693729400635,0.11399977654218674,0.9450962543487549,0.14417943358421326,0.9108822345733643,0.23387667536735535,0.9330049157142639,0.17880071699619293,0.9789521098136902,0.057771943509578705,0.9874607920646667,0.035585518926382065,0.965875506401062,0.092018261551857,0.9377518892288208,0.16509096324443817,0.909896969795227,0.22980135679244995,0.9285266399383545,0.18234877288341522,0.9679355025291443,0.09315575659275055,0.9455441236495972,0.14653682708740234,0.9919390678405762,0.026311267167329788,0.9903269410133362,0.025426050648093224,0.976533830165863,0.06296076625585556,0.9511867165565491,0.12883515655994415,0.9242274761199951,0.1962021291255951,0.9212718605995178,0.197463721036911,3.682115316390991,0.9860315322875977,0.04900094494223595,0.985315203666687,0.06100468710064888,0.9763610363006592,0.06671444326639175,0.9516475796699524,0.15096057951450348,0.9312320947647095,0.21198254823684692,0.9208452701568604,0.22341838479042053,0.9878223538398743,0.03995849937200546,0.9509312510490417,0.15027497708797455,0.9333810806274414,0.2110694944858551,0.9007879495620728,0.2684793174266815,0.9308739304542542,0.18554535508155823,0.9770773649215698,0.09806621074676514,0.9860315322875977,0.052018120884895325,0.9609599113464355,0.1250060796737671,0.9258595705032349,0.2086479812860489,0.907951295375824,0.26766255497932434,0.9294412732124329,0.2015560120344162,0.9491404294967651,0.14355343580245972,0.9437679052352905,0.16160310804843903,0.9921203255653381,0.02862600050866604,0.9881805181503296,0.040565915405750275,0.9734957218170166,0.09111165255308151,0.9416189193725586,0.1776421070098877,0.9111747741699219,0.24170182645320892,0.921561598777771,0.23486900329589844
